{
    "train_batch_size": 128,
    "train_micro_batch_size_per_gpu": 16,
    "gradient_accumulation_steps": null,
    "steps_per_print": 10,
    "zero_optimization": {
        "stage": 2,
        "offload_param": {
            "device": "none"
        },
        "offload_optimizer": {
            "device": "none"
        },
        "param_persistence_threshold": 1e4,
        "max_live_parameters": 3e7,
        "prefetch_bucket_size": 3e7,
        "memory_efficient_linear": false,
        "gather_16bit_weights_on_model_save": true
    },
    "gradient_clipping": 1.0,
    "prescale_gradients": false,
    "wall_clock_breakdown": false,
    "hybrid_engine": {
        "enabled": true,
        "max_out_tokens": 512,
        "inference_tp_size": 1,
        "release_inference_cache": false,
        "pin_parameters": true,
        "tp_gather_partition_size": 8
    }
}
